{"Collection":{"e7e85092-c7a5-4b6e-a4ed-84236807bc8e":{"user_id":"ba2efd99-46f0-45b8-8ee8-dacd8c274f77","ancestry":"","label":"Awesome Collection","shared_by_id":null,"is_shared":false,"permission_level":0,"sample_detail_level":10,"reaction_detail_level":10,"wellplate_detail_level":10,"created_at":"2023-09-12T08:43:40.521Z","updated_at":"2023-09-12T10:09:03.619Z","position":3,"screen_detail_level":10,"is_locked":false,"deleted_at":null,"is_synchronized":false,"researchplan_detail_level":10,"element_detail_level":10,"tabs_segment":{},"vessel_detail_level":10}},"VesselTemplate":{"88910530-fb74-426d-bc71-73dc2bf24187":{"id":27,"name":"RBF 200ml","details":"multi-neck","vessel_type":"round bottom flask","volume_unit":"ml","volume_amount":200,"material_type":"glass","material_details":"n/a","created_at":"2023-09-12T10:09:46.348Z","updated_at":"2023-09-12T10:09:46.348Z","deleted_at":null},"04d27dd4-b91c-4854-bdae-1a4f586acbdb":{"id":28,"name":"RBF 500ml","details":"multi-neck","vessel_type":"round bottom flask","volume_unit":"ml","volume_amount":500,"material_type":"glass","material_details":"n/a","created_at":"2023-09-12T10:10:14.386Z","updated_at":"2023-09-12T10:10:14.386Z","deleted_at":null}},"Vessel":{"589d2b74-e555-4e5f-8c0a-bc72ab58397f":{"id":26,"vessel_template_id":27,"user_id":4,"name":"Vessel 1","short_label":"CU1-V17","description":"Desc 1","created_at":"2023-09-12T08:44:16.305Z","updated_at":"2023-09-12T10:09:46.389Z","deleted_at":null},"e84560a4-0880-47de-b6af-11a431373b4d":{"id":27,"vessel_template_id":28,"user_id":4,"name":"Vessel 2","short_label":"CU1-V18","description":"Desc 2","created_at":"2023-09-12T10:10:14.401Z","updated_at":"2023-09-12T10:10:14.401Z","deleted_at":null}},"CollectionsVessel":{"0ab19873-1954-4735-afae-76ef10f31257":{"collection_id":"e7e85092-c7a5-4b6e-a4ed-84236807bc8e","vessel_id":"589d2b74-e555-4e5f-8c0a-bc72ab58397f"},"73d20610-67aa-4056-a8a8-aa06e5d03fff":{"collection_id":"e7e85092-c7a5-4b6e-a4ed-84236807bc8e","vessel_id":"e84560a4-0880-47de-b6af-11a431373b4d"}},"VesselTemplateVessel":{"c6fc1dea-75e1-4644-8ade-c495d59e1c0f":{"vessel_template_id":"88910530-fb74-426d-bc71-73dc2bf24187","vessel_id":"589d2b74-e555-4e5f-8c0a-bc72ab58397f"},"34beaacb-d8b2-47eb-9f12-3c9f6cd2dbe5":{"vessel_template_id":"04d27dd4-b91c-4854-bdae-1a4f586acbdb","vessel_id":"e84560a4-0880-47de-b6af-11a431373b4d"}}}