{"Collection":{"7d485fd8-39d1-4709-9e59-2a5cd4d384e6":{"user_id":"9f1281b5-cac4-4516-93e5-6dd46ff2c4a0","ancestry":"","label":"collection-with-rp","shared_by_id":null,"is_shared":false,"permission_level":0,"sample_detail_level":10,"reaction_detail_level":0,"wellplate_detail_level":0,"created_at":"2023-01-13T09:47:23.943Z","updated_at":"2023-01-13T09:47:23.943Z","position":null,"screen_detail_level":0,"is_locked":false,"deleted_at":null,"is_synchronized":false,"researchplan_detail_level":10,"element_detail_level":10}},"ResearchPlan":{"fd523b1a-a8aa-40dc-a998-f3e9210f28db":{"name":"Research plan 1","created_by":"ff65478d-3da1-478a-bf49-5f55d97fa2ee","deleted_at":null,"created_at":"2023-01-13T09:47:24.239Z","updated_at":"2023-01-13T09:47:34.518Z","body":[{"id":"entry-003","type":"image","value":{"file_name":"xyz.png","public_name":"5f3fc8b4-3261-4616-9867-7ee9d0d4803b"}}]}},"CollectionsResearchPlan":{"96cb1828-da58-4cb5-a203-85b2e19c5b55":{"collection_id":"7d485fd8-39d1-4709-9e59-2a5cd4d384e6","research_plan_id":"fd523b1a-a8aa-40dc-a998-f3e9210f28db","deleted_at":null}},"Attachment":{"a8a51b9f-f1fd-4b88-ac2a-e02840ac596c":{"attachable_id":"fd523b1a-a8aa-40dc-a998-f3e9210f28db","filename":"upload.png","identifier":"5f3fc8b4-3261-4616-9867-7ee9d0d4803b","checksum":"2c7c68471940925be2c3ce00aeebda92","storage":"tmp","created_by":"9f1281b5-cac4-4516-93e5-6dd46ff2c4a0","created_for":null,"version":null,"created_at":"2023-01-13T09:47:24.364Z","updated_at":"2023-01-13T09:47:33.687Z","content_type":"image/png","bucket":"1","key":"72ad53bd-7791-4f84-b15e-29da9ae4a4b3","thumb":true,"folder":null,"attachable_type":"ResearchPlan","aasm_state":"non_jcamp","filesize":318425,"attachment_data":{"id":"/home/chemotion-dev/app/uploads/test/1/72ad53bd-7791-4f84-b15e-29da9ae4a4b3.png","storage":"store","metadata":{"size":318425,"filename":"upload.png","mime_type":null},"derivatives":{"thumbnail":{"id":"/home/chemotion-dev/app/uploads/test/1/72ad53bd-7791-4f84-b15e-29da9ae4a4b3.thumb.jpg","storage":"store","metadata":{"size":3388,"filename":"5f3fc8b4-3261-4616-9867-7ee9d0d4803b.thumb.jpg","mime_type":null}},"annotation":{"id":"/home/chemotion-dev/app/uploads/test/1/72ad53bd-7791-4f84-b15e-29da9ae4a4b3.annotation.svg","storage":"store","metadata":{"size":353,"filename":"tmpshrine20230113-368902-13jzsgo.annotation.svg20230113-368902-19qfo5u","mime_type":null}}}},"is_editing":false,"log_data":{"h":[{"c":{"attachment_data":null},"v":1,"ts":1673603244364},{"c":{"attachment_data":"{\"id\": \"/home/chemotion-dev/app/uploads/test/1/72ad53bd-7791-4f84-b15e-29da9ae4a4b3.png\", \"storage\": \"store\", \"metadata\": {\"size\": 318425, \"filename\": \"upload.png\", \"mime_type\": null}, \"derivatives\": {\"thumbnail\": {\"id\": \"/home/chemotion-dev/app/uploads/test/1/72ad53bd-7791-4f84-b15e-29da9ae4a4b3.thumb.jpg\", \"storage\": \"store\", \"metadata\": {\"size\": 3388, \"filename\": \"5f3fc8b4-3261-4616-9867-7ee9d0d4803b.thumb.jpg\", \"mime_type\": null}}, \"annotation\": {\"id\": \"/home/chemotion-dev/app/uploads/test/1/72ad53bd-7791-4f84-b15e-29da9ae4a4b3.annotation.svg\", \"storage\": \"store\", \"metadata\": {\"size\": 353, \"filename\": \"tmpshrine20230113-368902-9u4bed.annotation.svg20230113-368902-qgnbo3\", \"mime_type\": null}}}}"},"v":2,"ts":1673603252835},{"c":{"attachment_data":"{\"id\": \"/home/chemotion-dev/app/uploads/test/1/72ad53bd-7791-4f84-b15e-29da9ae4a4b3.png\", \"storage\": \"store\", \"metadata\": {\"size\": 318425, \"filename\": \"upload.png\", \"mime_type\": null}, \"derivatives\": {\"thumbnail\": {\"id\": \"/home/chemotion-dev/app/uploads/test/1/72ad53bd-7791-4f84-b15e-29da9ae4a4b3.thumb.jpg\", \"storage\": \"store\", \"metadata\": {\"size\": 3388, \"filename\": \"5f3fc8b4-3261-4616-9867-7ee9d0d4803b.thumb.jpg\", \"mime_type\": null}}, \"annotation\": {\"id\": \"/home/chemotion-dev/app/uploads/test/1/72ad53bd-7791-4f84-b15e-29da9ae4a4b3.annotation.svg\", \"storage\": \"store\", \"metadata\": {\"size\": 353, \"filename\": \"tmpshrine20230113-368902-10kn0e.annotation.svg20230113-368902-1c9u8f2\", \"mime_type\": null}}}}"},"v":3,"ts":1673603253672},{"c":{"attachment_data":"{\"id\": \"/home/chemotion-dev/app/uploads/test/1/72ad53bd-7791-4f84-b15e-29da9ae4a4b3.png\", \"storage\": \"store\", \"metadata\": {\"size\": 318425, \"filename\": \"upload.png\", \"mime_type\": null}, \"derivatives\": {\"thumbnail\": {\"id\": \"/home/chemotion-dev/app/uploads/test/1/72ad53bd-7791-4f84-b15e-29da9ae4a4b3.thumb.jpg\", \"storage\": \"store\", \"metadata\": {\"size\": 3388, \"filename\": \"5f3fc8b4-3261-4616-9867-7ee9d0d4803b.thumb.jpg\", \"mime_type\": null}}, \"annotation\": {\"id\": \"/home/chemotion-dev/app/uploads/test/1/72ad53bd-7791-4f84-b15e-29da9ae4a4b3.annotation.svg\", \"storage\": \"store\", \"metadata\": {\"size\": 353, \"filename\": \"tmpshrine20230113-368902-13jzsgo.annotation.svg20230113-368902-19qfo5u\", \"mime_type\": null}}}}"},"v":4,"ts":1673603254506}],"v":4}}}}