{"Collection":{"329ce5ea-07f2-4408-a961-3ab379a73d9a":{"id":3,"user_id":"149e3b59-0c9c-4493-8719-9c608455ef53","ancestry":"","label":"Awesome Collection","shared_by_id":null,"is_shared":false,"permission_level":0,"sample_detail_level":10,"reaction_detail_level":0,"wellplate_detail_level":0,"created_at":"2023-06-29T10:58:09.035Z","updated_at":"2023-06-29T10:58:09.035Z","position":null,"screen_detail_level":0,"is_locked":false,"deleted_at":null,"is_synchronized":false,"researchplan_detail_level":10,"element_detail_level":10,"celllinesample_detail_level":null}},"CelllineMaterial":{"2c629ea8-a5ed-4366-be99-bdc6b0d426ac":{"id":1,"name":"name-001","source":"IPB","cell_type":"primary cells","organism":"mouse","tissue":"leg","disease":"cancer","growth_medium":"primary cells","biosafety_level":"S0","variant":"v0","mutation":null,"optimal_growth_temp":36.3,"cryo_pres_medium":"nitrogen","gender":"male","description":"a cell","deleted_at":null,"created_at":"2023-06-29T10:58:09.219Z","updated_at":"2023-06-29T10:58:09.219Z"}},"CelllineSample":{"872750fb-9082-4611-94db-455cdb105337":{"id":1,"cellline_material_id":1,"cellline_sample_id":null,"amount":999,"unit":null,"passage":10,"contamination":null,"name":null,"description":null,"user_id":1,"deleted_at":null,"created_at":"2023-06-29T10:58:09.831Z","updated_at":"2023-06-29T10:58:09.831Z","short_label":null},"eced8e6b-fdb0-4b6b-ab05-d17fad6af620":{"id":2,"cellline_material_id":1,"cellline_sample_id":null,"amount":999,"unit":null,"passage":10,"contamination":null,"name":null,"description":null,"user_id":1,"deleted_at":null,"created_at":"2023-06-29T10:58:09.974Z","updated_at":"2023-06-29T10:58:09.974Z","short_label":null}},"Container":{"94054284-9c18-4e15-aaa6-0e629bf7ed26":{"id":1,"ancestry":"","containable_id":"872750fb-9082-4611-94db-455cdb105337","containable_type":"CelllineSample","name":"root","container_type":"root","description":"","extended_metadata":null,"created_at":"2023-06-29T10:58:09.341Z","updated_at":"2023-06-29T10:58:09.836Z","parent_id":null},"e1ee8fcc-921a-4585-9694-242f2578cea5":{"id":2,"ancestry":"94054284-9c18-4e15-aaa6-0e629bf7ed26","containable_id":null,"containable_type":null,"name":"root","container_type":"analyses","description":"","extended_metadata":null,"created_at":"2023-06-29T10:58:09.366Z","updated_at":"2023-06-29T10:58:09.366Z","parent_id":"94054284-9c18-4e15-aaa6-0e629bf7ed26"},"0a3be086-a355-4025-b086-cc715b7b6366":{"id":3,"ancestry":"e1ee8fcc-921a-4585-9694-242f2578cea5/94054284-9c18-4e15-aaa6-0e629bf7ed26","containable_id":null,"containable_type":null,"name":"root","container_type":"analysis","description":"","extended_metadata":null,"created_at":"2023-06-29T10:58:09.389Z","updated_at":"2023-06-29T10:58:09.389Z","parent_id":"e1ee8fcc-921a-4585-9694-242f2578cea5"},"18f9458c-40d2-42cd-af85-b0bf7ba8ddc5":{"id":4,"ancestry":"0a3be086-a355-4025-b086-cc715b7b6366/e1ee8fcc-921a-4585-9694-242f2578cea5/94054284-9c18-4e15-aaa6-0e629bf7ed26","containable_id":null,"containable_type":null,"name":"root","container_type":"dataset","description":"","extended_metadata":null,"created_at":"2023-06-29T10:58:09.431Z","updated_at":"2023-06-29T10:58:09.431Z","parent_id":"0a3be086-a355-4025-b086-cc715b7b6366"}},"Attachment":{"585ff480-3cb2-4085-bac8-ba213127dbe7":{"id":1,"attachable_id":"18f9458c-40d2-42cd-af85-b0bf7ba8ddc5","filename":"upload.jpg","identifier":"1a59f375-6214-4566-a544-60a71f30e225","checksum":"79a349ed1e96e5dc0987b5a2bddb940c","storage":"local","created_by":"9e4c7638-c170-4d3e-8d91-11ebde15d2d0","created_for":"2b5e173e-9e61-4940-80b9-6903783a2aa3","version":null,"created_at":"2023-06-29T10:58:09.615Z","updated_at":"2023-06-29T10:58:09.726Z","content_type":"image/jpeg","bucket":null,"key":"163f91ef-1012-4888-bfa3-e75a071a1238","thumb":true,"folder":null,"attachable_type":"Container","aasm_state":"non_jcamp","filesize":163233,"attachment_data":{"id":"1/1a59f375-6214-4566-a544-60a71f30e225","storage":"store","metadata":{"md5":"79a349ed1e96e5dc0987b5a2bddb940c","size":163233,"filename":"upload.jpg","mime_type":"image/jpeg"},"derivatives":{"thumbnail":{"id":"1/1a59f375-6214-4566-a544-60a71f30e225.thumb.jpg","storage":"store","metadata":{"md5":"52add00deeca6ea5c8857120c6885b3f","size":3685,"filename":"1a59f375-6214-4566-a544-60a71f30e225.thumb.jpg","mime_type":"image/jpeg"}},"annotation":{"id":"1/1a59f375-6214-4566-a544-60a71f30e225.annotation.svg","storage":"store","metadata":{"md5":"2d73fdc884f76d068513349d0d7eb701","size":353,"filename":"tmpshrine20230629-72180-6lhmzl.annotation.svg20230629-72180-15dbonb","mime_type":"image/svg+xml"}}}}}},"CollectionsCelllineSample":{"696f8abd-8f1c-4a26-aceb-15eee9051fce":{"collection_id":"329ce5ea-07f2-4408-a961-3ab379a73d9a","cellline_sample_id":"872750fb-9082-4611-94db-455cdb105337"},"7f7780b2-2d29-4d6d-a751-7b0fb7924ca1":{"collection_id":"329ce5ea-07f2-4408-a961-3ab379a73d9a","cellline_sample_id":"eced8e6b-fdb0-4b6b-ab05-d17fad6af620"}},"CelllineMaterialCelllineSample":{"f90e3084-5251-42c4-8e8e-e95e86ade4f7":{"cellline_material_id":"2c629ea8-a5ed-4366-be99-bdc6b0d426ac","cellline_sample_id":"872750fb-9082-4611-94db-455cdb105337"},"fede6677-9a94-4286-bf29-9c67e34b1df2":{"cellline_material_id":"2c629ea8-a5ed-4366-be99-bdc6b0d426ac","cellline_sample_id":"eced8e6b-fdb0-4b6b-ab05-d17fad6af620"}}}