{"Collection":{"842de74f-9ff0-4325-b3a0-3469eda4922e":{"user_id":"01446cef-799b-4c72-a7cb-198b27c60d13","ancestry":"","label":"Wellplate-Export-Example","shared_by_id":null,"is_shared":false,"permission_level":0,"sample_detail_level":10,"reaction_detail_level":10,"wellplate_detail_level":10,"created_at":"2024-01-29T10:01:38.772Z","updated_at":"2024-01-29T10:01:38.772Z","position":1,"screen_detail_level":10,"is_locked":false,"deleted_at":null,"is_synchronized":false,"researchplan_detail_level":10,"element_detail_level":10,"tabs_segment":{},"celllinesample_detail_level":10,"inventory_id":null}},"Wellplate":{"ba7b8e95-f574-4b5b-9184-49c3807b3163":{"name":"New Wellplates","description":{"ops":[{"insert":"\n"}]},"created_at":"2024-01-29T09:27:14.744Z","updated_at":"2024-01-29T09:27:14.948Z","deleted_at":null,"short_label":"FMA-WP1","readout_titles":[],"plain_text_description":"\n","width":12,"height":8}},"CollectionsWellplate":{"94e95d81-7c0d-4ec3-ab40-28195763aab5":{"collection_id":"842de74f-9ff0-4325-b3a0-3469eda4922e","wellplate_id":"ba7b8e95-f574-4b5b-9184-49c3807b3163","deleted_at":null}},"Well":{"b8d67747-4b72-49c7-a9ef-82ed9503e1c4":{"sample_id":null,"wellplate_id":"ba7b8e95-f574-4b5b-9184-49c3807b3163","position_x":1,"position_y":1,"created_at":"2024-01-29T09:27:15.237Z","updated_at":"2024-01-29T09:27:15.237Z","additive":null,"deleted_at":null,"label":"Molecular structure","color_code":null,"readouts":[]},"a0c93462-24f6-4fbb-a024-33a16e3f3d40":{"sample_id":null,"wellplate_id":"ba7b8e95-f574-4b5b-9184-49c3807b3163","position_x":2,"position_y":1,"created_at":"2024-01-29T09:27:15.262Z","updated_at":"2024-01-29T09:27:15.262Z","additive":null,"deleted_at":null,"label":"Molecular structure","color_code":null,"readouts":[]},"7ba38b34-dd91-49e1-9d0e-68fc603b8b5c":{"sample_id":null,"wellplate_id":"ba7b8e95-f574-4b5b-9184-49c3807b3163","position_x":3,"position_y":1,"created_at":"2024-01-29T09:27:15.282Z","updated_at":"2024-01-29T09:27:15.282Z","additive":null,"deleted_at":null,"label":"Molecular structure","color_code":null,"readouts":[]},"7c46745e-9b1f-40e7-afc7-4033579a64f7":{"sample_id":null,"wellplate_id":"ba7b8e95-f574-4b5b-9184-49c3807b3163","position_x":4,"position_y":1,"created_at":"2024-01-29T09:27:15.292Z","updated_at":"2024-01-29T09:27:15.292Z","additive":null,"deleted_at":null,"label":"Molecular structure","color_code":null,"readouts":[]},"d16643dd-af1a-4dda-97ee-30d719d93541":{"sample_id":null,"wellplate_id":"ba7b8e95-f574-4b5b-9184-49c3807b3163","position_x":5,"position_y":1,"created_at":"2024-01-29T09:27:15.310Z","updated_at":"2024-01-29T09:27:15.310Z","additive":null,"deleted_at":null,"label":"Molecular structure","color_code":null,"readouts":[]},"4588b9ae-b06a-436a-a752-80cd7ecf86d7":{"sample_id":null,"wellplate_id":"ba7b8e95-f574-4b5b-9184-49c3807b3163","position_x":6,"position_y":1,"created_at":"2024-01-29T09:27:15.319Z","updated_at":"2024-01-29T09:27:15.319Z","additive":null,"deleted_at":null,"label":"Molecular structure","color_code":null,"readouts":[]},"3eb9c8aa-6fb9-4b5a-9ca5-14dd001d66d5":{"sample_id":null,"wellplate_id":"ba7b8e95-f574-4b5b-9184-49c3807b3163","position_x":7,"position_y":1,"created_at":"2024-01-29T09:27:15.334Z","updated_at":"2024-01-29T09:27:15.334Z","additive":null,"deleted_at":null,"label":"Molecular structure","color_code":null,"readouts":[]},"64bf135c-bbf9-4ad0-8728-a3b27e48129d":{"sample_id":null,"wellplate_id":"ba7b8e95-f574-4b5b-9184-49c3807b3163","position_x":8,"position_y":1,"created_at":"2024-01-29T09:27:15.344Z","updated_at":"2024-01-29T09:27:15.344Z","additive":null,"deleted_at":null,"label":"Molecular structure","color_code":null,"readouts":[]},"0372e26c-2b15-4b38-b261-e55144f32917":{"sample_id":null,"wellplate_id":"ba7b8e95-f574-4b5b-9184-49c3807b3163","position_x":9,"position_y":1,"created_at":"2024-01-29T09:27:15.360Z","updated_at":"2024-01-29T09:27:15.360Z","additive":null,"deleted_at":null,"label":"Molecular structure","color_code":null,"readouts":[]},"8c35d021-b783-4aab-a70a-1734b8adae85":{"sample_id":null,"wellplate_id":"ba7b8e95-f574-4b5b-9184-49c3807b3163","position_x":10,"position_y":1,"created_at":"2024-01-29T09:27:15.370Z","updated_at":"2024-01-29T09:27:15.370Z","additive":null,"deleted_at":null,"label":"Molecular structure","color_code":null,"readouts":[]},"c8906d76-09b7-4f40-9974-2446d82f4127":{"sample_id":null,"wellplate_id":"ba7b8e95-f574-4b5b-9184-49c3807b3163","position_x":11,"position_y":1,"created_at":"2024-01-29T09:27:15.382Z","updated_at":"2024-01-29T09:27:15.382Z","additive":null,"deleted_at":null,"label":"Molecular structure","color_code":null,"readouts":[]},"1f752c3c-5143-4184-a206-db234d45ae3e":{"sample_id":null,"wellplate_id":"ba7b8e95-f574-4b5b-9184-49c3807b3163","position_x":12,"position_y":1,"created_at":"2024-01-29T09:27:15.394Z","updated_at":"2024-01-29T09:27:15.394Z","additive":null,"deleted_at":null,"label":"Molecular structure","color_code":null,"readouts":[]},"9b8c540c-e937-4db9-aac8-8b8dd376efe6":{"sample_id":null,"wellplate_id":"ba7b8e95-f574-4b5b-9184-49c3807b3163","position_x":1,"position_y":2,"created_at":"2024-01-29T09:27:15.406Z","updated_at":"2024-01-29T09:27:15.406Z","additive":null,"deleted_at":null,"label":"Molecular structure","color_code":null,"readouts":[]},"a77b3b62-d9cb-4b62-96cf-72026d81d453":{"sample_id":null,"wellplate_id":"ba7b8e95-f574-4b5b-9184-49c3807b3163","position_x":2,"position_y":2,"created_at":"2024-01-29T09:27:15.424Z","updated_at":"2024-01-29T09:27:15.424Z","additive":null,"deleted_at":null,"label":"Molecular structure","color_code":null,"readouts":[]},"7dd4048d-0c47-4b11-a602-3a2a22f9ce54":{"sample_id":null,"wellplate_id":"ba7b8e95-f574-4b5b-9184-49c3807b3163","position_x":3,"position_y":2,"created_at":"2024-01-29T09:27:15.434Z","updated_at":"2024-01-29T09:27:15.434Z","additive":null,"deleted_at":null,"label":"Molecular structure","color_code":null,"readouts":[]},"7c697436-a3a8-4e78-bf89-582ecb387af1":{"sample_id":null,"wellplate_id":"ba7b8e95-f574-4b5b-9184-49c3807b3163","position_x":4,"position_y":2,"created_at":"2024-01-29T09:27:15.444Z","updated_at":"2024-01-29T09:27:15.444Z","additive":null,"deleted_at":null,"label":"Molecular structure","color_code":null,"readouts":[]},"61a1f6d1-f300-4172-94ea-1b3e380de814":{"sample_id":null,"wellplate_id":"ba7b8e95-f574-4b5b-9184-49c3807b3163","position_x":5,"position_y":2,"created_at":"2024-01-29T09:27:15.455Z","updated_at":"2024-01-29T09:27:15.455Z","additive":null,"deleted_at":null,"label":"Molecular structure","color_code":null,"readouts":[]},"f6f5d42c-0057-4b82-8e03-bb4a8920a4f4":{"sample_id":null,"wellplate_id":"ba7b8e95-f574-4b5b-9184-49c3807b3163","position_x":6,"position_y":2,"created_at":"2024-01-29T09:27:15.464Z","updated_at":"2024-01-29T09:27:15.464Z","additive":null,"deleted_at":null,"label":"Molecular structure","color_code":null,"readouts":[]},"2b17d246-732e-42df-89a7-1dd698d53433":{"sample_id":null,"wellplate_id":"ba7b8e95-f574-4b5b-9184-49c3807b3163","position_x":7,"position_y":2,"created_at":"2024-01-29T09:27:15.474Z","updated_at":"2024-01-29T09:27:15.474Z","additive":null,"deleted_at":null,"label":"Molecular structure","color_code":null,"readouts":[]},"4ce75761-f84d-4921-b735-9f0cca5cae97":{"sample_id":null,"wellplate_id":"ba7b8e95-f574-4b5b-9184-49c3807b3163","position_x":8,"position_y":2,"created_at":"2024-01-29T09:27:15.485Z","updated_at":"2024-01-29T09:27:15.485Z","additive":null,"deleted_at":null,"label":"Molecular structure","color_code":null,"readouts":[]},"d25506aa-2b49-4fb3-b26e-483f17865141":{"sample_id":null,"wellplate_id":"ba7b8e95-f574-4b5b-9184-49c3807b3163","position_x":9,"position_y":2,"created_at":"2024-01-29T09:27:15.496Z","updated_at":"2024-01-29T09:27:15.496Z","additive":null,"deleted_at":null,"label":"Molecular structure","color_code":null,"readouts":[]},"67130e32-6925-4a9d-8dc8-0be4fdc90b03":{"sample_id":null,"wellplate_id":"ba7b8e95-f574-4b5b-9184-49c3807b3163","position_x":10,"position_y":2,"created_at":"2024-01-29T09:27:15.509Z","updated_at":"2024-01-29T09:27:15.509Z","additive":null,"deleted_at":null,"label":"Molecular structure","color_code":null,"readouts":[]},"d54d85cc-a263-4a64-bd6c-c5a7484c4d43":{"sample_id":null,"wellplate_id":"ba7b8e95-f574-4b5b-9184-49c3807b3163","position_x":11,"position_y":2,"created_at":"2024-01-29T09:27:15.526Z","updated_at":"2024-01-29T09:27:15.526Z","additive":null,"deleted_at":null,"label":"Molecular structure","color_code":null,"readouts":[]},"006a0224-715f-4852-9fa9-80fce1b59925":{"sample_id":null,"wellplate_id":"ba7b8e95-f574-4b5b-9184-49c3807b3163","position_x":12,"position_y":2,"created_at":"2024-01-29T09:27:15.541Z","updated_at":"2024-01-29T09:27:15.541Z","additive":null,"deleted_at":null,"label":"Molecular structure","color_code":null,"readouts":[]},"5d97a9cc-da9c-4229-aa66-c3219b00091c":{"sample_id":null,"wellplate_id":"ba7b8e95-f574-4b5b-9184-49c3807b3163","position_x":1,"position_y":3,"created_at":"2024-01-29T09:27:15.552Z","updated_at":"2024-01-29T09:27:15.552Z","additive":null,"deleted_at":null,"label":"Molecular structure","color_code":null,"readouts":[]},"6a306d55-de7a-4f7d-88a6-381b4f3eded7":{"sample_id":null,"wellplate_id":"ba7b8e95-f574-4b5b-9184-49c3807b3163","position_x":2,"position_y":3,"created_at":"2024-01-29T09:27:15.565Z","updated_at":"2024-01-29T09:27:15.565Z","additive":null,"deleted_at":null,"label":"Molecular structure","color_code":null,"readouts":[]},"ee21622f-dcee-4510-9abc-aa83366edb60":{"sample_id":null,"wellplate_id":"ba7b8e95-f574-4b5b-9184-49c3807b3163","position_x":3,"position_y":3,"created_at":"2024-01-29T09:27:15.578Z","updated_at":"2024-01-29T09:27:15.578Z","additive":null,"deleted_at":null,"label":"Molecular structure","color_code":null,"readouts":[]},"03ddfe81-4afa-4790-b398-5089fa0c49a0":{"sample_id":null,"wellplate_id":"ba7b8e95-f574-4b5b-9184-49c3807b3163","position_x":4,"position_y":3,"created_at":"2024-01-29T09:27:15.588Z","updated_at":"2024-01-29T09:27:15.588Z","additive":null,"deleted_at":null,"label":"Molecular structure","color_code":null,"readouts":[]},"8197be1a-ad33-45d4-abc2-6859208dd9fc":{"sample_id":null,"wellplate_id":"ba7b8e95-f574-4b5b-9184-49c3807b3163","position_x":5,"position_y":3,"created_at":"2024-01-29T09:27:15.596Z","updated_at":"2024-01-29T09:27:15.596Z","additive":null,"deleted_at":null,"label":"Molecular structure","color_code":null,"readouts":[]},"a3a1a9f9-7c8b-418c-9fda-895249df8d70":{"sample_id":null,"wellplate_id":"ba7b8e95-f574-4b5b-9184-49c3807b3163","position_x":6,"position_y":3,"created_at":"2024-01-29T09:27:15.606Z","updated_at":"2024-01-29T09:27:15.606Z","additive":null,"deleted_at":null,"label":"Molecular structure","color_code":null,"readouts":[]},"2aa2473a-d95b-4b35-ae28-c922a5cd2c89":{"sample_id":null,"wellplate_id":"ba7b8e95-f574-4b5b-9184-49c3807b3163","position_x":7,"position_y":3,"created_at":"2024-01-29T09:27:15.616Z","updated_at":"2024-01-29T09:27:15.616Z","additive":null,"deleted_at":null,"label":"Molecular structure","color_code":null,"readouts":[]},"143fe66a-1060-4960-a200-a911fd2c2266":{"sample_id":null,"wellplate_id":"ba7b8e95-f574-4b5b-9184-49c3807b3163","position_x":8,"position_y":3,"created_at":"2024-01-29T09:27:15.648Z","updated_at":"2024-01-29T09:27:15.648Z","additive":null,"deleted_at":null,"label":"Molecular structure","color_code":null,"readouts":[]},"9e756421-6ba6-4b39-b655-3ad895e175b1":{"sample_id":null,"wellplate_id":"ba7b8e95-f574-4b5b-9184-49c3807b3163","position_x":9,"position_y":3,"created_at":"2024-01-29T09:27:15.668Z","updated_at":"2024-01-29T09:27:15.668Z","additive":null,"deleted_at":null,"label":"Molecular structure","color_code":null,"readouts":[]},"19dfbf02-ff8a-4229-87a1-9e6d0c1e767c":{"sample_id":null,"wellplate_id":"ba7b8e95-f574-4b5b-9184-49c3807b3163","position_x":10,"position_y":3,"created_at":"2024-01-29T09:27:15.680Z","updated_at":"2024-01-29T09:27:15.680Z","additive":null,"deleted_at":null,"label":"Molecular structure","color_code":null,"readouts":[]},"bc8c6da9-cb38-4c14-8399-c5557ab403fa":{"sample_id":null,"wellplate_id":"ba7b8e95-f574-4b5b-9184-49c3807b3163","position_x":11,"position_y":3,"created_at":"2024-01-29T09:27:15.696Z","updated_at":"2024-01-29T09:27:15.696Z","additive":null,"deleted_at":null,"label":"Molecular structure","color_code":null,"readouts":[]},"fafe09d1-15ef-49e6-b4ff-bb6ae72a5c4a":{"sample_id":null,"wellplate_id":"ba7b8e95-f574-4b5b-9184-49c3807b3163","position_x":12,"position_y":3,"created_at":"2024-01-29T09:27:15.708Z","updated_at":"2024-01-29T09:27:15.708Z","additive":null,"deleted_at":null,"label":"Molecular structure","color_code":null,"readouts":[]},"184a41e1-4a05-4254-b029-7a8392bd0c5b":{"sample_id":null,"wellplate_id":"ba7b8e95-f574-4b5b-9184-49c3807b3163","position_x":1,"position_y":4,"created_at":"2024-01-29T09:27:15.728Z","updated_at":"2024-01-29T09:27:15.728Z","additive":null,"deleted_at":null,"label":"Molecular structure","color_code":null,"readouts":[]},"ceed84a5-3a05-4461-b385-f099bdd179b4":{"sample_id":null,"wellplate_id":"ba7b8e95-f574-4b5b-9184-49c3807b3163","position_x":2,"position_y":4,"created_at":"2024-01-29T09:27:15.760Z","updated_at":"2024-01-29T09:27:15.760Z","additive":null,"deleted_at":null,"label":"Molecular structure","color_code":null,"readouts":[]},"a02d7d00-a2c8-4487-a766-d77bb50f8eda":{"sample_id":null,"wellplate_id":"ba7b8e95-f574-4b5b-9184-49c3807b3163","position_x":3,"position_y":4,"created_at":"2024-01-29T09:27:15.791Z","updated_at":"2024-01-29T09:27:15.791Z","additive":null,"deleted_at":null,"label":"Molecular structure","color_code":null,"readouts":[]},"deaf7875-aeeb-42f6-b352-a32cbb8828eb":{"sample_id":null,"wellplate_id":"ba7b8e95-f574-4b5b-9184-49c3807b3163","position_x":4,"position_y":4,"created_at":"2024-01-29T09:27:15.809Z","updated_at":"2024-01-29T09:27:15.809Z","additive":null,"deleted_at":null,"label":"Molecular structure","color_code":null,"readouts":[]},"48b4e8cc-1fd2-4311-b2c6-1f09585edc00":{"sample_id":null,"wellplate_id":"ba7b8e95-f574-4b5b-9184-49c3807b3163","position_x":5,"position_y":4,"created_at":"2024-01-29T09:27:15.840Z","updated_at":"2024-01-29T09:27:15.840Z","additive":null,"deleted_at":null,"label":"Molecular structure","color_code":null,"readouts":[]},"90ab16a3-db41-4a87-a5f5-ff0165fb5e0e":{"sample_id":null,"wellplate_id":"ba7b8e95-f574-4b5b-9184-49c3807b3163","position_x":6,"position_y":4,"created_at":"2024-01-29T09:27:15.874Z","updated_at":"2024-01-29T09:27:15.874Z","additive":null,"deleted_at":null,"label":"Molecular structure","color_code":null,"readouts":[]},"30cec187-0b3a-4aae-80f9-69997b0694f2":{"sample_id":null,"wellplate_id":"ba7b8e95-f574-4b5b-9184-49c3807b3163","position_x":7,"position_y":4,"created_at":"2024-01-29T09:27:15.892Z","updated_at":"2024-01-29T09:27:15.892Z","additive":null,"deleted_at":null,"label":"Molecular structure","color_code":null,"readouts":[]},"1cc1b34d-e149-4c0d-8bc2-4094b5438ce6":{"sample_id":null,"wellplate_id":"ba7b8e95-f574-4b5b-9184-49c3807b3163","position_x":8,"position_y":4,"created_at":"2024-01-29T09:27:15.921Z","updated_at":"2024-01-29T09:27:15.921Z","additive":null,"deleted_at":null,"label":"Molecular structure","color_code":null,"readouts":[]},"7a996313-9b12-4910-a078-7cac07ad4217":{"sample_id":null,"wellplate_id":"ba7b8e95-f574-4b5b-9184-49c3807b3163","position_x":9,"position_y":4,"created_at":"2024-01-29T09:27:15.948Z","updated_at":"2024-01-29T09:27:15.948Z","additive":null,"deleted_at":null,"label":"Molecular structure","color_code":null,"readouts":[]},"0ca425d0-3bc9-4a67-82fc-a7af85fbdaaa":{"sample_id":null,"wellplate_id":"ba7b8e95-f574-4b5b-9184-49c3807b3163","position_x":10,"position_y":4,"created_at":"2024-01-29T09:27:16.081Z","updated_at":"2024-01-29T09:27:16.081Z","additive":null,"deleted_at":null,"label":"Molecular structure","color_code":null,"readouts":[]},"7031fba8-ab82-4045-bf4b-2ba1844c20f4":{"sample_id":null,"wellplate_id":"ba7b8e95-f574-4b5b-9184-49c3807b3163","position_x":11,"position_y":4,"created_at":"2024-01-29T09:27:16.101Z","updated_at":"2024-01-29T09:27:16.101Z","additive":null,"deleted_at":null,"label":"Molecular structure","color_code":null,"readouts":[]},"8a7d10a8-44ee-4dce-b1be-a35f8ceca52d":{"sample_id":null,"wellplate_id":"ba7b8e95-f574-4b5b-9184-49c3807b3163","position_x":12,"position_y":4,"created_at":"2024-01-29T09:27:16.116Z","updated_at":"2024-01-29T09:27:16.116Z","additive":null,"deleted_at":null,"label":"Molecular structure","color_code":null,"readouts":[]},"70e65c48-db4f-4639-b378-341cc8601dff":{"sample_id":null,"wellplate_id":"ba7b8e95-f574-4b5b-9184-49c3807b3163","position_x":1,"position_y":5,"created_at":"2024-01-29T09:27:16.131Z","updated_at":"2024-01-29T09:27:16.131Z","additive":null,"deleted_at":null,"label":"Molecular structure","color_code":null,"readouts":[]},"63a64b48-0502-4b25-b385-64fdd8a5b773":{"sample_id":null,"wellplate_id":"ba7b8e95-f574-4b5b-9184-49c3807b3163","position_x":2,"position_y":5,"created_at":"2024-01-29T09:27:16.143Z","updated_at":"2024-01-29T09:27:16.143Z","additive":null,"deleted_at":null,"label":"Molecular structure","color_code":null,"readouts":[]},"7bda8679-e161-4238-ba0c-e59954141483":{"sample_id":null,"wellplate_id":"ba7b8e95-f574-4b5b-9184-49c3807b3163","position_x":3,"position_y":5,"created_at":"2024-01-29T09:27:16.151Z","updated_at":"2024-01-29T09:27:16.151Z","additive":null,"deleted_at":null,"label":"Molecular structure","color_code":null,"readouts":[]},"d37ef3fe-1b09-4c68-abdf-9c961e61c5cc":{"sample_id":null,"wellplate_id":"ba7b8e95-f574-4b5b-9184-49c3807b3163","position_x":4,"position_y":5,"created_at":"2024-01-29T09:27:16.178Z","updated_at":"2024-01-29T09:27:16.178Z","additive":null,"deleted_at":null,"label":"Molecular structure","color_code":null,"readouts":[]},"5830ced7-66b3-408a-b6ca-06f3fdde9849":{"sample_id":null,"wellplate_id":"ba7b8e95-f574-4b5b-9184-49c3807b3163","position_x":5,"position_y":5,"created_at":"2024-01-29T09:27:16.192Z","updated_at":"2024-01-29T09:27:16.192Z","additive":null,"deleted_at":null,"label":"Molecular structure","color_code":null,"readouts":[]},"654c7d90-97fd-4623-9b99-e197cbd3c8e7":{"sample_id":null,"wellplate_id":"ba7b8e95-f574-4b5b-9184-49c3807b3163","position_x":6,"position_y":5,"created_at":"2024-01-29T09:27:16.200Z","updated_at":"2024-01-29T09:27:16.200Z","additive":null,"deleted_at":null,"label":"Molecular structure","color_code":null,"readouts":[]},"f4ab4cfe-d457-4916-944a-f3eec6f8b55d":{"sample_id":null,"wellplate_id":"ba7b8e95-f574-4b5b-9184-49c3807b3163","position_x":7,"position_y":5,"created_at":"2024-01-29T09:27:16.209Z","updated_at":"2024-01-29T09:27:16.209Z","additive":null,"deleted_at":null,"label":"Molecular structure","color_code":null,"readouts":[]},"50f05bb5-ec7d-4467-84c4-5d8fc6cd6a20":{"sample_id":null,"wellplate_id":"ba7b8e95-f574-4b5b-9184-49c3807b3163","position_x":8,"position_y":5,"created_at":"2024-01-29T09:27:16.216Z","updated_at":"2024-01-29T09:27:16.216Z","additive":null,"deleted_at":null,"label":"Molecular structure","color_code":null,"readouts":[]},"9bcce51a-3117-4956-860d-c2bd17523686":{"sample_id":null,"wellplate_id":"ba7b8e95-f574-4b5b-9184-49c3807b3163","position_x":9,"position_y":5,"created_at":"2024-01-29T09:27:16.223Z","updated_at":"2024-01-29T09:27:16.223Z","additive":null,"deleted_at":null,"label":"Molecular structure","color_code":null,"readouts":[]},"099f2cdb-fd68-4e2b-931b-ac2ff71af387":{"sample_id":null,"wellplate_id":"ba7b8e95-f574-4b5b-9184-49c3807b3163","position_x":10,"position_y":5,"created_at":"2024-01-29T09:27:16.230Z","updated_at":"2024-01-29T09:27:16.230Z","additive":null,"deleted_at":null,"label":"Molecular structure","color_code":null,"readouts":[]},"a694e8a2-8144-4572-b97e-830ab7a54f36":{"sample_id":null,"wellplate_id":"ba7b8e95-f574-4b5b-9184-49c3807b3163","position_x":11,"position_y":5,"created_at":"2024-01-29T09:27:16.241Z","updated_at":"2024-01-29T09:27:16.241Z","additive":null,"deleted_at":null,"label":"Molecular structure","color_code":null,"readouts":[]},"bf06567b-2001-4a91-8b9a-5e84bae3a565":{"sample_id":null,"wellplate_id":"ba7b8e95-f574-4b5b-9184-49c3807b3163","position_x":12,"position_y":5,"created_at":"2024-01-29T09:27:16.248Z","updated_at":"2024-01-29T09:27:16.248Z","additive":null,"deleted_at":null,"label":"Molecular structure","color_code":null,"readouts":[]},"867edded-2d2b-40a5-9e86-93d76834367b":{"sample_id":null,"wellplate_id":"ba7b8e95-f574-4b5b-9184-49c3807b3163","position_x":1,"position_y":6,"created_at":"2024-01-29T09:27:16.258Z","updated_at":"2024-01-29T09:27:16.258Z","additive":null,"deleted_at":null,"label":"Molecular structure","color_code":null,"readouts":[]},"2c38d701-830c-438f-b9a9-84d30513b89d":{"sample_id":null,"wellplate_id":"ba7b8e95-f574-4b5b-9184-49c3807b3163","position_x":2,"position_y":6,"created_at":"2024-01-29T09:27:16.265Z","updated_at":"2024-01-29T09:27:16.265Z","additive":null,"deleted_at":null,"label":"Molecular structure","color_code":null,"readouts":[]},"826ceabd-089b-4214-9936-cc2cc8095710":{"sample_id":null,"wellplate_id":"ba7b8e95-f574-4b5b-9184-49c3807b3163","position_x":3,"position_y":6,"created_at":"2024-01-29T09:27:16.273Z","updated_at":"2024-01-29T09:27:16.273Z","additive":null,"deleted_at":null,"label":"Molecular structure","color_code":null,"readouts":[]},"77178799-eb58-454e-a5da-37be4d08d2bd":{"sample_id":null,"wellplate_id":"ba7b8e95-f574-4b5b-9184-49c3807b3163","position_x":4,"position_y":6,"created_at":"2024-01-29T09:27:16.280Z","updated_at":"2024-01-29T09:27:16.280Z","additive":null,"deleted_at":null,"label":"Molecular structure","color_code":null,"readouts":[]},"fea709bd-8030-46b6-8946-cbd72f62a740":{"sample_id":null,"wellplate_id":"ba7b8e95-f574-4b5b-9184-49c3807b3163","position_x":5,"position_y":6,"created_at":"2024-01-29T09:27:16.289Z","updated_at":"2024-01-29T09:27:16.289Z","additive":null,"deleted_at":null,"label":"Molecular structure","color_code":null,"readouts":[]},"ced2710c-492a-4b54-b4e7-18f40bffe196":{"sample_id":null,"wellplate_id":"ba7b8e95-f574-4b5b-9184-49c3807b3163","position_x":6,"position_y":6,"created_at":"2024-01-29T09:27:16.297Z","updated_at":"2024-01-29T09:27:16.297Z","additive":null,"deleted_at":null,"label":"Molecular structure","color_code":null,"readouts":[]},"3200f224-34f8-4c74-899e-f9c00ff1db10":{"sample_id":null,"wellplate_id":"ba7b8e95-f574-4b5b-9184-49c3807b3163","position_x":7,"position_y":6,"created_at":"2024-01-29T09:27:16.316Z","updated_at":"2024-01-29T09:27:16.316Z","additive":null,"deleted_at":null,"label":"Molecular structure","color_code":null,"readouts":[]},"aa45b244-3fa0-4225-8dc4-de4346efa84b":{"sample_id":null,"wellplate_id":"ba7b8e95-f574-4b5b-9184-49c3807b3163","position_x":8,"position_y":6,"created_at":"2024-01-29T09:27:16.325Z","updated_at":"2024-01-29T09:27:16.325Z","additive":null,"deleted_at":null,"label":"Molecular structure","color_code":null,"readouts":[]},"0c0d0c85-39f6-4a2a-bb07-37d9b0d77494":{"sample_id":null,"wellplate_id":"ba7b8e95-f574-4b5b-9184-49c3807b3163","position_x":9,"position_y":6,"created_at":"2024-01-29T09:27:16.332Z","updated_at":"2024-01-29T09:27:16.332Z","additive":null,"deleted_at":null,"label":"Molecular structure","color_code":null,"readouts":[]},"911a494e-af45-495e-ab3a-e47fddd524a5":{"sample_id":null,"wellplate_id":"ba7b8e95-f574-4b5b-9184-49c3807b3163","position_x":10,"position_y":6,"created_at":"2024-01-29T09:27:16.337Z","updated_at":"2024-01-29T09:27:16.337Z","additive":null,"deleted_at":null,"label":"Molecular structure","color_code":null,"readouts":[]},"a90d8740-f72f-4523-845f-1b0eb221eaa5":{"sample_id":null,"wellplate_id":"ba7b8e95-f574-4b5b-9184-49c3807b3163","position_x":11,"position_y":6,"created_at":"2024-01-29T09:27:16.343Z","updated_at":"2024-01-29T09:27:16.343Z","additive":null,"deleted_at":null,"label":"Molecular structure","color_code":null,"readouts":[]},"cf8b2f31-8193-4917-9a03-01a93f969cc9":{"sample_id":null,"wellplate_id":"ba7b8e95-f574-4b5b-9184-49c3807b3163","position_x":12,"position_y":6,"created_at":"2024-01-29T09:27:16.352Z","updated_at":"2024-01-29T09:27:16.352Z","additive":null,"deleted_at":null,"label":"Molecular structure","color_code":null,"readouts":[]},"2fd84c84-d6e3-44b9-bb03-d575ef3ed342":{"sample_id":null,"wellplate_id":"ba7b8e95-f574-4b5b-9184-49c3807b3163","position_x":1,"position_y":7,"created_at":"2024-01-29T09:27:16.364Z","updated_at":"2024-01-29T09:27:16.364Z","additive":null,"deleted_at":null,"label":"Molecular structure","color_code":null,"readouts":[]},"2de56a8b-af29-402f-8f6c-217a4d5bd238":{"sample_id":null,"wellplate_id":"ba7b8e95-f574-4b5b-9184-49c3807b3163","position_x":2,"position_y":7,"created_at":"2024-01-29T09:27:16.389Z","updated_at":"2024-01-29T09:27:16.389Z","additive":null,"deleted_at":null,"label":"Molecular structure","color_code":null,"readouts":[]},"2cccd509-5339-4ac2-8312-54c0940f5f6b":{"sample_id":null,"wellplate_id":"ba7b8e95-f574-4b5b-9184-49c3807b3163","position_x":3,"position_y":7,"created_at":"2024-01-29T09:27:16.402Z","updated_at":"2024-01-29T09:27:16.402Z","additive":null,"deleted_at":null,"label":"Molecular structure","color_code":null,"readouts":[]},"0e28c893-d753-46e7-bffe-a200d3293df8":{"sample_id":null,"wellplate_id":"ba7b8e95-f574-4b5b-9184-49c3807b3163","position_x":4,"position_y":7,"created_at":"2024-01-29T09:27:16.418Z","updated_at":"2024-01-29T09:27:16.418Z","additive":null,"deleted_at":null,"label":"Molecular structure","color_code":null,"readouts":[]},"8954a0b7-b53e-4219-9776-8d39a6600e47":{"sample_id":null,"wellplate_id":"ba7b8e95-f574-4b5b-9184-49c3807b3163","position_x":5,"position_y":7,"created_at":"2024-01-29T09:27:16.437Z","updated_at":"2024-01-29T09:27:16.437Z","additive":null,"deleted_at":null,"label":"Molecular structure","color_code":null,"readouts":[]},"c0bfcf52-3a03-44a7-9c23-9a7923f2126e":{"sample_id":null,"wellplate_id":"ba7b8e95-f574-4b5b-9184-49c3807b3163","position_x":6,"position_y":7,"created_at":"2024-01-29T09:27:16.456Z","updated_at":"2024-01-29T09:27:16.456Z","additive":null,"deleted_at":null,"label":"Molecular structure","color_code":null,"readouts":[]},"b94c47ae-c5d5-4d9b-917c-65133376c942":{"sample_id":null,"wellplate_id":"ba7b8e95-f574-4b5b-9184-49c3807b3163","position_x":7,"position_y":7,"created_at":"2024-01-29T09:27:16.467Z","updated_at":"2024-01-29T09:27:16.467Z","additive":null,"deleted_at":null,"label":"Molecular structure","color_code":null,"readouts":[]},"6665f3ff-1ddd-481e-8d72-c09dc0cddd0c":{"sample_id":null,"wellplate_id":"ba7b8e95-f574-4b5b-9184-49c3807b3163","position_x":8,"position_y":7,"created_at":"2024-01-29T09:27:16.482Z","updated_at":"2024-01-29T09:27:16.482Z","additive":null,"deleted_at":null,"label":"Molecular structure","color_code":null,"readouts":[]},"5ca4125d-16c1-4bfa-9675-f9f23a719cc2":{"sample_id":null,"wellplate_id":"ba7b8e95-f574-4b5b-9184-49c3807b3163","position_x":9,"position_y":7,"created_at":"2024-01-29T09:27:16.499Z","updated_at":"2024-01-29T09:27:16.499Z","additive":null,"deleted_at":null,"label":"Molecular structure","color_code":null,"readouts":[]},"7b9bbc8f-9835-4763-986c-bd153c761d1e":{"sample_id":null,"wellplate_id":"ba7b8e95-f574-4b5b-9184-49c3807b3163","position_x":10,"position_y":7,"created_at":"2024-01-29T09:27:16.509Z","updated_at":"2024-01-29T09:27:16.509Z","additive":null,"deleted_at":null,"label":"Molecular structure","color_code":null,"readouts":[]},"b16088a8-cd60-4481-bffd-2e8e0e03eae9":{"sample_id":null,"wellplate_id":"ba7b8e95-f574-4b5b-9184-49c3807b3163","position_x":11,"position_y":7,"created_at":"2024-01-29T09:27:16.521Z","updated_at":"2024-01-29T09:27:16.521Z","additive":null,"deleted_at":null,"label":"Molecular structure","color_code":null,"readouts":[]},"69583413-2fde-45cc-bde1-72e42a587d2f":{"sample_id":null,"wellplate_id":"ba7b8e95-f574-4b5b-9184-49c3807b3163","position_x":12,"position_y":7,"created_at":"2024-01-29T09:27:16.532Z","updated_at":"2024-01-29T09:27:16.532Z","additive":null,"deleted_at":null,"label":"Molecular structure","color_code":null,"readouts":[]},"1f8491a7-23d6-4e86-abaa-a3398c193c0b":{"sample_id":null,"wellplate_id":"ba7b8e95-f574-4b5b-9184-49c3807b3163","position_x":1,"position_y":8,"created_at":"2024-01-29T09:27:16.540Z","updated_at":"2024-01-29T09:27:16.540Z","additive":null,"deleted_at":null,"label":"Molecular structure","color_code":null,"readouts":[]},"c35c3f33-c233-4b9c-819f-5f7758827a6f":{"sample_id":null,"wellplate_id":"ba7b8e95-f574-4b5b-9184-49c3807b3163","position_x":2,"position_y":8,"created_at":"2024-01-29T09:27:16.549Z","updated_at":"2024-01-29T09:27:16.549Z","additive":null,"deleted_at":null,"label":"Molecular structure","color_code":null,"readouts":[]},"3ee39770-7ce5-44af-97da-6461d1de9f36":{"sample_id":null,"wellplate_id":"ba7b8e95-f574-4b5b-9184-49c3807b3163","position_x":3,"position_y":8,"created_at":"2024-01-29T09:27:16.561Z","updated_at":"2024-01-29T09:27:16.561Z","additive":null,"deleted_at":null,"label":"Molecular structure","color_code":null,"readouts":[]},"55b14553-c081-486b-9b31-2cf0a54f8b8a":{"sample_id":null,"wellplate_id":"ba7b8e95-f574-4b5b-9184-49c3807b3163","position_x":4,"position_y":8,"created_at":"2024-01-29T09:27:16.571Z","updated_at":"2024-01-29T09:27:16.571Z","additive":null,"deleted_at":null,"label":"Molecular structure","color_code":null,"readouts":[]},"7a94bc7b-e609-4c16-880d-9213f3f13c26":{"sample_id":null,"wellplate_id":"ba7b8e95-f574-4b5b-9184-49c3807b3163","position_x":5,"position_y":8,"created_at":"2024-01-29T09:27:16.588Z","updated_at":"2024-01-29T09:27:16.588Z","additive":null,"deleted_at":null,"label":"Molecular structure","color_code":null,"readouts":[]},"693fb902-527c-4a18-a621-285168c8489e":{"sample_id":null,"wellplate_id":"ba7b8e95-f574-4b5b-9184-49c3807b3163","position_x":6,"position_y":8,"created_at":"2024-01-29T09:27:16.596Z","updated_at":"2024-01-29T09:27:16.596Z","additive":null,"deleted_at":null,"label":"Molecular structure","color_code":null,"readouts":[]},"02d78c55-62cc-43c3-8b7e-822f80505ed7":{"sample_id":null,"wellplate_id":"ba7b8e95-f574-4b5b-9184-49c3807b3163","position_x":7,"position_y":8,"created_at":"2024-01-29T09:27:16.614Z","updated_at":"2024-01-29T09:27:16.614Z","additive":null,"deleted_at":null,"label":"Molecular structure","color_code":null,"readouts":[]},"7936aee5-e4d2-476d-ae63-4565f8cb8294":{"sample_id":null,"wellplate_id":"ba7b8e95-f574-4b5b-9184-49c3807b3163","position_x":8,"position_y":8,"created_at":"2024-01-29T09:27:16.622Z","updated_at":"2024-01-29T09:27:16.622Z","additive":null,"deleted_at":null,"label":"Molecular structure","color_code":null,"readouts":[]},"510553b9-3237-4edc-a396-b44b186ec55b":{"sample_id":null,"wellplate_id":"ba7b8e95-f574-4b5b-9184-49c3807b3163","position_x":9,"position_y":8,"created_at":"2024-01-29T09:27:16.629Z","updated_at":"2024-01-29T09:27:16.629Z","additive":null,"deleted_at":null,"label":"Molecular structure","color_code":null,"readouts":[]},"e2a456ff-1239-4415-82bb-890f223e8a8c":{"sample_id":null,"wellplate_id":"ba7b8e95-f574-4b5b-9184-49c3807b3163","position_x":10,"position_y":8,"created_at":"2024-01-29T09:27:16.637Z","updated_at":"2024-01-29T09:27:16.637Z","additive":null,"deleted_at":null,"label":"Molecular structure","color_code":null,"readouts":[]},"85506258-313b-43c3-b9d2-cb81267d1e1c":{"sample_id":null,"wellplate_id":"ba7b8e95-f574-4b5b-9184-49c3807b3163","position_x":11,"position_y":8,"created_at":"2024-01-29T09:27:16.646Z","updated_at":"2024-01-29T09:27:16.646Z","additive":null,"deleted_at":null,"label":"Molecular structure","color_code":null,"readouts":[]},"e462d2fb-2af2-461d-b191-c6980a93f014":{"sample_id":null,"wellplate_id":"ba7b8e95-f574-4b5b-9184-49c3807b3163","position_x":12,"position_y":8,"created_at":"2024-01-29T09:27:16.651Z","updated_at":"2024-01-29T09:27:16.651Z","additive":null,"deleted_at":null,"label":"Molecular structure","color_code":null,"readouts":[]}},"Container":{"ccd9124a-862c-47ca-a598-0460f94867b2":{"ancestry":"","containable_id":"ba7b8e95-f574-4b5b-9184-49c3807b3163","containable_type":"Wellplate","name":null,"container_type":null,"description":null,"extended_metadata":{},"created_at":"2024-01-29T09:27:16.747Z","updated_at":"2024-01-29T09:27:16.969Z","parent_id":null,"plain_text_content":null},"5ad9b128-f280-4cb6-8820-cc786e55f4ee":{"ancestry":"ccd9124a-862c-47ca-a598-0460f94867b2","containable_id":null,"containable_type":null,"name":"new","container_type":"analyses","description":"","extended_metadata":{"report":"true"},"created_at":"2024-01-29T09:27:16.885Z","updated_at":"2024-01-29T09:27:16.885Z","parent_id":"ccd9124a-862c-47ca-a598-0460f94867b2","plain_text_content":null}}}