{"Collection":{"d09b940f-5605-4acd-864b-b6a9de7d807a":{"user_id":"62f46a7c-d60d-48a3-b9a7-e6482aec7797","ancestry":"","label":"collection-with-rp","shared_by_id":null,"is_shared":false,"permission_level":0,"sample_detail_level":10,"reaction_detail_level":0,"wellplate_detail_level":0,"created_at":"2022-08-24T14:19:19.362Z","updated_at":"2022-08-24T14:19:19.362Z","position":null,"screen_detail_level":0,"is_locked":false,"deleted_at":null,"is_synchronized":false,"researchplan_detail_level":10,"element_detail_level":10}},"ResearchPlan":{"0448999d-c3d4-4a97-ae48-d6e3c8404851":{"name":"Research plan 1","created_by":"a5044e38-54c0-4237-8638-7e3453b51fd1","deleted_at":null,"created_at":"2022-08-24T14:19:19.618Z","updated_at":"2022-08-24T14:19:19.762Z","body":[{"id":"entry-003","type":"image","value":{"file_name":"xyz.png","public_name":"ff6f21aa-ab9c-4852-bb39-d467c0c4f808"}}]}},"CollectionsResearchPlan":{"3fd2980b-8a4d-463c-ab47-d2cbd764d55c":{"collection_id":"d09b940f-5605-4acd-864b-b6a9de7d807a","research_plan_id":"0448999d-c3d4-4a97-ae48-d6e3c8404851","deleted_at":null}},"Attachment":{"2cf77582-0425-4a9e-b1c0-28f3ffd5686a":{"attachable_id":"0448999d-c3d4-4a97-ae48-d6e3c8404851","filename":"xyz.png","identifier":"ff6f21aa-ab9c-4852-bb39-d467c0c4f808","checksum":"d41d8cd98f00b204e9800998ecf8427e","storage":"tmp","created_by":"62f46a7c-d60d-48a3-b9a7-e6482aec7797","created_for":null,"version":null,"created_at":"2022-08-24T14:19:19.742Z","updated_at":"2022-08-24T14:19:19.755Z","content_type":null,"bucket":"1","key":"ff6f21aa-ab9c-4852-bb39-d467c0c4f808","thumb":false,"folder":null,"attachable_type":"ResearchPlan","aasm_state":"non_jcamp","filesize":12,"attachment_data":{"id":"/tmp/example.png20220824-25596-1hygd1s","storage":"store","metadata":{"size":29111,"filename":"example.png","mime_type":null},"derivatives":{"annotation":{"id":"/tmp/annotationFile.svg20220824-25596-imy7yl","storage":"store","metadata":{"size":480,"filename":"example_annotation.svg","mime_type":null}}}},"is_editing":false,"log_data":null}}}