{
  "profileId": "b6763782-3980-4c08-b878-21076d900c59",
  "ols": null,
  "matches": [
    {
      "identifier": {
        "key": "file_name",
        "match": "exact",
        "optional": false,
        "type": "fileMetadata",
        "value": "File043.xy"
      },
      "result": {
        "value": "File043.xy"
      }
    }
  ],
  "tablesCount": 1,
  "tables": [
    {
      "fileName": "data/table_01.jdx",
      "header": {
        "DATA CLASS": "XYPOINTS",
        "DATA TYPE": "INFRARED SPECTRUM",
        "XUNITS": "p/p0",
        "YUNITS": "ml/g"
      }
    }
  ]
}