{"Labimotion::ElementKlass":{"849c8638-1684-40b6-b316-3203e74c8bc0":{"name":"sample","label":"Sample","desc":"ELN Sample","icon_name":"icon-sample","is_active":true,"klass_prefix":"","is_generic":false,"place":2,"properties_template":{"eln":{"version":"post-v1.10.5(v1.10.3)","base_revision":"6ca226bd9ae12be1b79f9b61f51eba00591d92fa","current_revision":null},"uuid":"5058f15a-cb5e-4620-bdb3-9b8dde3520a1","klass":"ElementKlass","select_options":{}},"created_by":null,"created_at":"2025-03-19T10:21:36.166Z","updated_at":"2025-03-19T10:21:36.587Z","deleted_at":null,"uuid":"5058f15a-cb5e-4620-bdb3-9b8dde3520a1","properties_release":{"eln":{"version":"post-v1.10.5(v1.10.3)","base_revision":"6ca226bd9ae12be1b79f9b61f51eba00591d92fa","current_revision":null},"uuid":"5058f15a-cb5e-4620-bdb3-9b8dde3520a1","klass":"ElementKlass","select_options":{}},"released_at":"2025-03-19T10:21:36.586Z","identifier":null,"sync_time":null,"updated_by":null,"released_by":null,"sync_by":null,"admin_ids":{},"user_ids":{},"version":null},"64c9b9a6-13b4-4c9b-bb37-fdb3095e01c4":{"name":"reaction","label":"Reaction","desc":"ELN Reaction","icon_name":"icon-reaction","is_active":true,"klass_prefix":"","is_generic":false,"place":3,"properties_template":{"eln":{"version":"post-v1.10.5(v1.10.3)","base_revision":"6ca226bd9ae12be1b79f9b61f51eba00591d92fa","current_revision":null},"uuid":"6a62fa2b-8e87-48f4-a135-fb96073cb56a","klass":"ElementKlass","select_options":{}},"created_by":null,"created_at":"2025-03-19T10:21:36.171Z","updated_at":"2025-03-19T10:21:36.596Z","deleted_at":null,"uuid":"6a62fa2b-8e87-48f4-a135-fb96073cb56a","properties_release":{"eln":{"version":"post-v1.10.5(v1.10.3)","base_revision":"6ca226bd9ae12be1b79f9b61f51eba00591d92fa","current_revision":null},"uuid":"6a62fa2b-8e87-48f4-a135-fb96073cb56a","klass":"ElementKlass","select_options":{}},"released_at":"2025-03-19T10:21:36.596Z","identifier":null,"sync_time":null,"updated_by":null,"released_by":null,"sync_by":null,"admin_ids":{},"user_ids":{},"version":null},"b9cf7fdf-40cd-41f0-997a-a94f5ab2c053":{"name":"wellplate","label":"Wellplate","desc":"ELN Wellplate","icon_name":"icon-wellplate","is_active":true,"klass_prefix":"","is_generic":false,"place":4,"properties_template":{"eln":{"version":"post-v1.10.5(v1.10.3)","base_revision":"6ca226bd9ae12be1b79f9b61f51eba00591d92fa","current_revision":null},"uuid":"1261599f-d961-4a5d-9d49-662bcc506c6a","klass":"ElementKlass","select_options":{}},"created_by":null,"created_at":"2025-03-19T10:21:36.176Z","updated_at":"2025-03-19T10:21:36.605Z","deleted_at":null,"uuid":"1261599f-d961-4a5d-9d49-662bcc506c6a","properties_release":{"eln":{"version":"post-v1.10.5(v1.10.3)","base_revision":"6ca226bd9ae12be1b79f9b61f51eba00591d92fa","current_revision":null},"uuid":"1261599f-d961-4a5d-9d49-662bcc506c6a","klass":"ElementKlass","select_options":{}},"released_at":"2025-03-19T10:21:36.604Z","identifier":null,"sync_time":null,"updated_by":null,"released_by":null,"sync_by":null,"admin_ids":{},"user_ids":{},"version":null},"b26f3f61-e873-4d4b-be13-811b188858ed":{"name":"cell_line","label":"Cell Line","desc":"ELN Cell Line","icon_name":"icon-cell_line","is_active":true,"klass_prefix":"","is_generic":false,"place":5,"properties_template":{},"created_by":null,"created_at":"2025-03-19T10:21:36.161Z","updated_at":"2025-03-19T10:21:39.430Z","deleted_at":null,"uuid":"95624b79-8349-412c-a2db-fb8b8852cdcc","properties_release":{"eln":{"version":"post-v1.10.5(v1.10.3)","base_revision":"6ca226bd9ae12be1b79f9b61f51eba00591d92fa","current_revision":null},"uuid":"95624b79-8349-412c-a2db-fb8b8852cdcc","klass":"ElementKlass","select_options":{}},"released_at":"2025-03-19T10:21:36.578Z","identifier":null,"sync_time":null,"updated_by":null,"released_by":null,"sync_by":null,"admin_ids":{},"user_ids":{},"version":null},"4a61ac40-25dd-496c-afc9-4a5ae3ae81e4":{"name":"device_description","label":"Device Description","desc":"ELN Device Description","icon_name":"icon-device_description","is_active":true,"klass_prefix":"","is_generic":false,"place":0,"properties_template":{"eln":{"version":"post-v1.10.5(v1.10.3)","base_revision":"6ca226bd9ae12be1b79f9b61f51eba00591d92fa","current_revision":null},"uuid":"7e715795-531e-4f67-a57f-4034a0627822","klass":"ElementKlass","select_options":{}},"created_by":null,"created_at":"2025-03-19T10:21:36.155Z","updated_at":"2025-03-19T10:21:36.555Z","deleted_at":null,"uuid":"7e715795-531e-4f67-a57f-4034a0627822","properties_release":{"eln":{"version":"post-v1.10.5(v1.10.3)","base_revision":"6ca226bd9ae12be1b79f9b61f51eba00591d92fa","current_revision":null},"uuid":"7e715795-531e-4f67-a57f-4034a0627822","klass":"ElementKlass","select_options":{}},"released_at":"2025-03-19T10:21:36.554Z","identifier":null,"sync_time":null,"updated_by":null,"released_by":null,"sync_by":null,"admin_ids":{},"user_ids":{},"version":null},"5d1f38a5-52ba-4179-be86-fbdba52287ce":{"name":"screen","label":"Screen","desc":"ELN Screen","icon_name":"icon-screen","is_active":true,"klass_prefix":"","is_generic":false,"place":5,"properties_template":{"eln":{"version":"post-v1.10.5(v1.10.3)","base_revision":"6ca226bd9ae12be1b79f9b61f51eba00591d92fa","current_revision":null},"uuid":"f9b35008-41eb-45aa-ac84-2faa704a480e","klass":"ElementKlass","select_options":{}},"created_by":null,"created_at":"2025-03-19T10:21:36.181Z","updated_at":"2025-03-19T10:21:36.612Z","deleted_at":null,"uuid":"f9b35008-41eb-45aa-ac84-2faa704a480e","properties_release":{"eln":{"version":"post-v1.10.5(v1.10.3)","base_revision":"6ca226bd9ae12be1b79f9b61f51eba00591d92fa","current_revision":null},"uuid":"f9b35008-41eb-45aa-ac84-2faa704a480e","klass":"ElementKlass","select_options":{}},"released_at":"2025-03-19T10:21:36.612Z","identifier":null,"sync_time":null,"updated_by":null,"released_by":null,"sync_by":null,"admin_ids":{},"user_ids":{},"version":null},"7e60b408-758c-4d96-8e30-26cce545f7e3":{"name":"research_plan","label":"Research Plan","desc":"ELN Research Plan","icon_name":"icon-research_plan","is_active":true,"klass_prefix":"","is_generic":false,"place":6,"properties_template":{"eln":{"version":"post-v1.10.5(v1.10.3)","base_revision":"6ca226bd9ae12be1b79f9b61f51eba00591d92fa","current_revision":null},"uuid":"47077338-a8d7-4ea3-92d8-d376c008400b","klass":"ElementKlass","select_options":{}},"created_by":null,"created_at":"2025-03-19T10:21:36.186Z","updated_at":"2025-03-19T10:21:36.619Z","deleted_at":null,"uuid":"47077338-a8d7-4ea3-92d8-d376c008400b","properties_release":{"eln":{"version":"post-v1.10.5(v1.10.3)","base_revision":"6ca226bd9ae12be1b79f9b61f51eba00591d92fa","current_revision":null},"uuid":"47077338-a8d7-4ea3-92d8-d376c008400b","klass":"ElementKlass","select_options":{}},"released_at":"2025-03-19T10:21:36.618Z","identifier":null,"sync_time":null,"updated_by":null,"released_by":null,"sync_by":null,"admin_ids":{},"user_ids":{},"version":null}},"Collection":{"c976b692-e95c-418e-86fe-13074810fdd5":{"user_id":"918af36b-1d26-428a-85a3-25308c8ed902","ancestry":"","label":"collection_with_components","shared_by_id":null,"is_shared":false,"permission_level":0,"sample_detail_level":10,"reaction_detail_level":10,"wellplate_detail_level":10,"created_at":"2025-03-24T13:20:38.786Z","updated_at":"2025-03-24T13:20:38.786Z","position":2,"screen_detail_level":10,"is_locked":false,"deleted_at":null,"is_synchronized":false,"researchplan_detail_level":10,"element_detail_level":10,"tabs_segment":{},"celllinesample_detail_level":10,"inventory_id":null,"devicedescription_detail_level":10}},"Sample":{"0385ba67-d223-4a7c-8d76-1f045d7dd200":{"name":"Gone with the Wind","target_amount_value":0.3,"target_amount_unit":"l","created_at":"2025-03-24T13:24:04.238Z","updated_at":"2025-03-24T13:24:04.238Z","description":"","molecule_id":"e1aab110-7e6a-41cc-96d4-c29f962bfbc9","molfile":"\n  Ketcher 03242514202D 1   1.00000     0.00000     0\n\n 13 12  0     0  0            999 V2000\n    7.3500   -2.1250    0.0000 C   0  0  0  0  0  0  0  0  0  0  0  0\n    8.2160   -2.6250    0.0000 C   0  0  0  0  0  0  0  0  0  0  0  0\n    8.2160   -3.6250    0.0000 C   0  0  0  0  0  0  0  0  0  0  0  0\n    7.3500   -4.1250    0.0000 C   0  0  0  0  0  0  0  0  0  0  0  0\n    6.4840   -3.6250    0.0000 C   0  0  0  0  0  0  0  0  0  0  0  0\n    6.4840   -2.6250    0.0000 C   0  0  0  0  0  0  0  0  0  0  0  0\n    5.8250   -0.4250    0.0000 C   0  0  0  0  0  0  0  0  0  0  0  0\n    6.6910   -0.9250    0.0000 C   0  0  0  0  0  0  0  0  0  0  0  0\n    7.5571   -0.4250    0.0000 C   0  0  0  0  0  0  0  0  0  0  0  0\n    8.4231   -0.9250    0.0000 C   0  0  0  0  0  0  0  0  0  0  0  0\n    9.2891   -0.4250    0.0000 C   0  0  0  0  0  0  0  0  0  0  0  0\n   10.1551   -0.9250    0.0000 C   0  0  0  0  0  0  0  0  0  0  0  0\n   11.0212   -0.4250    0.0000 C   0  0  0  0  0  0  0  0  0  0  0  0\n  1  2  1  0     0  0\n  2  3  2  0     0  0\n  3  4  1  0     0  0\n  4  5  2  0     0  0\n  5  6  1  0     0  0\n  6  1  2  0     0  0\n  7  8  1  0     0  0\n  8  9  1  0     0  0\n  9 10  1  0     0  0\n 10 11  1  0     0  0\n 11 12  1  0     0  0\n 12 13  1  0     0  0\nM  END\n$$$$\n\n","purity":1.0,"deprecated_solvent":"","impurities":"","location":"","is_top_secret":false,"ancestry":"","external_label":"","created_by":"918af36b-1d26-428a-85a3-25308c8ed902","short_label":"CU1-103","real_amount_value":null,"real_amount_unit":"g","imported_readout":null,"deleted_at":null,"sample_svg_file":"da9e453ef7eff5fd5ed0ebaa103b6c3f2ae6e9732ac77bd95ac5b9aa09b0a30fdbe573e8875d77bcec0fcf927c63217740596b33f5274b979fc417e07c44cd04.svg","user_id":null,"identifier":null,"density":0.0,"melting_point":"-Infinity...Infinity","boiling_point":"-Infinity...Infinity","fingerprint_id":"72e34c13-9b7e-4338-a6e3-2b20bee4cd8d","xref":{},"molarity_value":0.00030666666666666673,"molarity_unit":"M","molecule_name_id":"f5b0b6a1-0cba-43c1-93d3-1411e73d32e1","molfile_version":null,"stereo":{"abs":"any","rel":"any"},"metrics":"mmm","decoupled":false,"molecular_mass":0.0,"sum_formula":"","solvent":[],"dry_solvent":false,"inventory_sample":false,"sample_type":"Mixture","sample_details":{"total_molecular_weight":90.14110237623763,"reference_molecular_weight":78.11184},"micromolecule_id":null,"log_data":null}},"CollectionsSample":{"2860888e-1fc1-40b7-ba32-b47c2d94c8a3":{"collection_id":"c976b692-e95c-418e-86fe-13074810fdd5","sample_id":"0385ba67-d223-4a7c-8d76-1f045d7dd200","deleted_at":null}},"Fingerprint":{"72e34c13-9b7e-4338-a6e3-2b20bee4cd8d":{"fp0":"0000000000000000000000000000000000000001000000000000000000000000","fp1":"0000000000000000000000000000000000000000000000000000001000000000","fp2":"0000000000000000000000000000000000000000000000000000000000000000","fp3":"0000000000000000000000000000000000000000000000000000000000000000","fp4":"0000000000000000000000000000000000000000000000000000100001000000","fp5":"0000000000000000000000000000000001000000000000001000000000000000","fp6":"0000000000000000000000000000000000000000000000000000000000000000","fp7":"0000000000000000000000000000000000000000000000000000000000000000","fp8":"0000000000000000000000000000000000000000000000000000000000000000","fp9":"0000000000000000001000000000000000000000000000000000000000000001","fp10":"0000000000000000000000000000000000001000000000000000000000000000","fp11":"0000000000000000000000000000000000000000000000000000000000010000","fp12":"0000000000000000000000000000000000000000000000000000000000000000","fp13":"0000000000000000000000000000000000000000000000000000000000000000","fp14":"0000000000000000000000000000000000000000000000100000000000000000","fp15":"0000000000000010000000000000000000000000000000000000000000000000","num_set_bits":12,"created_at":"2025-03-19T11:07:22.302Z","updated_at":"2025-03-19T11:07:22.302Z","deleted_at":null}},"Molecule":{"e1aab110-7e6a-41cc-96d4-c29f962bfbc9":{"inchikey":"TVSPOLBJUVJVCV-UHFFFAOYSA-N","inchistring":"InChI=1S/C7H16.C6H6/c1-3-5-7-6-4-2;1-2-4-6-5-3-1/h3-7H2,1-2H3;1-6H","density":0.0,"molecular_weight":178.31378000000007,"molfile":"\n  Ketcher 03192512072D 1   1.00000     0.00000     0\n\n 13 12  0     0  0            999 V2000\n    5.9500   -2.5000    0.0000 C   0  0  0  0  0  0  0  0  0  0  0  0\n    6.8160   -3.0000    0.0000 C   0  0  0  0  0  0  0  0  0  0  0  0\n    6.8160   -4.0000    0.0000 C   0  0  0  0  0  0  0  0  0  0  0  0\n    5.9500   -4.5000    0.0000 C   0  0  0  0  0  0  0  0  0  0  0  0\n    5.0840   -4.0000    0.0000 C   0  0  0  0  0  0  0  0  0  0  0  0\n    5.0840   -3.0000    0.0000 C   0  0  0  0  0  0  0  0  0  0  0  0\n    8.6500   -1.7750    0.0000 C   0  0  0  0  0  0  0  0  0  0  0  0\n    9.1500   -2.6410    0.0000 C   0  0  0  0  0  0  0  0  0  0  0  0\n   10.1500   -2.6410    0.0000 C   0  0  0  0  0  0  0  0  0  0  0  0\n   10.6500   -3.5071    0.0000 C   0  0  0  0  0  0  0  0  0  0  0  0\n   11.6500   -3.5071    0.0000 C   0  0  0  0  0  0  0  0  0  0  0  0\n   12.1500   -4.3731    0.0000 C   0  0  0  0  0  0  0  0  0  0  0  0\n   13.1500   -4.3731    0.0000 C   0  0  0  0  0  0  0  0  0  0  0  0\n  1  2  1  0     0  0\n  2  3  2  0     0  0\n  3  4  1  0     0  0\n  4  5  2  0     0  0\n  5  6  1  0     0  0\n  6  1  2  0     0  0\n  7  8  1  0     0  0\n  8  9  1  0     0  0\n  9 10  1  0     0  0\n 10 11  1  0     0  0\n 11 12  1  0     0  0\n 12 13  1  0     0  0\nM  END","melting_point":null,"boiling_point":null,"sum_formular":"C13H22","names":["benzene;heptane","benzene;n-heptane"],"iupac_name":"benzene;heptane","molecule_svg_file":"a26a48fc6d5758918409504732ea7d5d19337160955c0102b7ca424f1ae0870c1b0b5ef4d26761e33376a8acf0060b16a8b26ef30e6ff960909e34c86382f2c3.svg","created_at":"2025-03-19T11:07:20.339Z","updated_at":"2025-03-19T11:07:20.339Z","deleted_at":null,"is_partial":false,"exact_molecular_weight":178.172150704,"cano_smiles":"c1ccccc1.CCCCCCC","cas":[],"molfile_version":"V2000"}},"MoleculeName":{"f5b0b6a1-0cba-43c1-93d3-1411e73d32e1":{"molecule_id":"e1aab110-7e6a-41cc-96d4-c29f962bfbc9","user_id":null,"description":"iupac_name","name":"benzene;heptane","deleted_at":null,"created_at":"2025-03-19T11:07:20.346Z","updated_at":"2025-03-19T11:07:20.346Z"}},"Container":{"8364fb88-786c-400e-b762-fac41ac0e674":{"ancestry":"","containable_id":"0385ba67-d223-4a7c-8d76-1f045d7dd200","containable_type":"Sample","name":null,"container_type":null,"description":"","extended_metadata":{},"created_at":"2025-03-24T13:24:04.114Z","updated_at":"2025-03-24T13:24:04.270Z","parent_id":null,"deleted_at":null,"plain_text_content":null,"log_data":null},"80f95504-31e7-44ef-b364-80470937e3d8":{"ancestry":"8364fb88-786c-400e-b762-fac41ac0e674","containable_id":null,"containable_type":null,"name":"new","container_type":"analyses","description":"","extended_metadata":{"report":"true"},"created_at":"2025-03-24T13:24:04.162Z","updated_at":"2025-03-24T13:24:04.162Z","parent_id":"8364fb88-786c-400e-b762-fac41ac0e674","deleted_at":null,"plain_text_content":null,"log_data":null}},"Component":{"a1741131-cd1b-474e-b393-6e0f00d92a86":{"sample_id":"0385ba67-d223-4a7c-8d76-1f045d7dd200","name":"","position":0,"component_properties":{"purity":1.0,"density":0.0,"amount_l":0.1,"reference":true,"amount_mol":9.200000000000001e-05,"equivalent":1.0,"molecule_id":867,"molarity_unit":"M","material_group":"liquid","molarity_value":0.00030666666666666673,"starting_molarity_unit":"mol/l","starting_molarity_value":0.00092},"created_at":"2025-03-24T13:24:04.664Z","updated_at":"2025-03-24T13:24:04.664Z","id":"a1741131-cd1b-474e-b393-6e0f00d92a86"},"fa39966f-3e95-476f-b89e-5e65cd750479":{"sample_id":"0385ba67-d223-4a7c-8d76-1f045d7dd200","name":"","position":1,"component_properties":{"purity":1.0,"density":0.0,"amount_l":0.2,"reference":false,"amount_mol":0.00011000000000000002,"equivalent":1.1956521739130435,"molecule_id":2104,"molarity_unit":"M","material_group":"liquid","molarity_value":0.0003666666666666667,"starting_molarity_unit":"mol/l","starting_molarity_value":0.00055},"created_at":"2025-03-24T13:24:04.683Z","updated_at":"2025-03-24T13:24:04.683Z","id":"fa39966f-3e95-476f-b89e-5e65cd750479"}}}